SET SQL_MODE="NO_AUTO_VALUE_ON_ZERO";

CREATE TABLE shop_info (
	shop_id int NOT NULL auto_increment,
	shop_no varchar(200) NOT NULL default '',	
	name varchar(200) NOT NULL default '',
	address varchar(500) NOT NULL default '',
    picture varchar(500) default '',
	created_date timestamp,
    created_by int default 0,
    modified_date timestamp,
    modified_by int default 0, 
	PRIMARY KEY  (shop_id),
	KEY `fk_shop_info_users1_idx` (`created_by`),
	KEY `fk_shop_info_users2_idx` (`modified_by`)
)ENGINE=MyISAM DEFAULT CHARSET=latin1;
ALTER TABLE `shop_info`
  ADD CONSTRAINT `fk_shop_info_users1` FOREIGN KEY (`created_by`) REFERENCES `users` (`id`) ON DELETE CASCADE ON UPDATE CASCADE,
  ADD CONSTRAINT `fk_shop_info_users2` FOREIGN KEY (`modified_by`) REFERENCES `users` (`id`) ON DELETE CASCADE ON UPDATE CASCADE;


--
-- Table structure for table `groups`
--

CREATE TABLE IF NOT EXISTS `groups` (
  `id` mediumint(8) unsigned NOT NULL AUTO_INCREMENT,
  `name` varchar(20) NOT NULL,
  `description` varchar(100) NOT NULL,
  PRIMARY KEY (`id`)
) ENGINE=InnoDB  DEFAULT CHARSET=utf8 AUTO_INCREMENT=3 ;

--
-- Dumping data for table `groups`
--

INSERT INTO `groups` (`id`, `name`, `description`) VALUES
(1, 'admin', 'Administrator'),
(2, 'manager', 'Manager'),
(3, 'salesman', 'Salesman'),
(4, 'supplier', 'Supplier'),
(5, 'customer', 'Customer');

-- --------------------------------------------------------

--
-- Table structure for table `login_attempts`
--

CREATE TABLE IF NOT EXISTS `login_attempts` (
  `id` int(11) unsigned NOT NULL AUTO_INCREMENT,
  `ip_address` varbinary(16) NOT NULL,
  `login` varchar(100) NOT NULL,
  `time` int(11) unsigned DEFAULT NULL,
  PRIMARY KEY (`id`)
) ENGINE=InnoDB DEFAULT CHARSET=utf8 AUTO_INCREMENT=1 ;

CREATE TABLE IF NOT EXISTS `account_status` (
  `id` int(11) unsigned NOT NULL AUTO_INCREMENT,
  `description` varchar(200) NOT NULL,
  PRIMARY KEY (`id`)
) ENGINE=InnoDB  DEFAULT CHARSET=utf8 AUTO_INCREMENT=6;   
INSERT INTO `account_status` (`id`, `description`) VALUES
(1, 'Active'),
(2, 'Inactive'),
(3, 'Suspended'),
(4, 'Deactivated'),
(5, 'Blocked');

--
-- Table structure for table `users`
--

CREATE TABLE IF NOT EXISTS `users` (
  `id` int(11) unsigned NOT NULL AUTO_INCREMENT,
  `ip_address` varbinary(16) NOT NULL,
  `username` varchar(100) NOT NULL,
  `password` varchar(80) NOT NULL,
  `salt` varchar(40) DEFAULT NULL,
  `email` varchar(100) NOT NULL,
  `activation_code` varchar(40) DEFAULT NULL,
  `forgotten_password_code` varchar(40) DEFAULT NULL,
  `forgotten_password_time` int(11) unsigned DEFAULT NULL,
  `remember_code` varchar(40) DEFAULT NULL,
  `created_on` int(11) unsigned NOT NULL,
  `last_login` int(11) unsigned DEFAULT NULL,
  `first_name` varchar(50) DEFAULT NULL,
  `last_name` varchar(50) DEFAULT NULL,
  `company` varchar(100) DEFAULT NULL,
  `phone` varchar(20) DEFAULT NULL,
  `account_status_id` int(11) unsigned NOT NULL,
  PRIMARY KEY (`id`)
) ENGINE=InnoDB  DEFAULT CHARSET=utf8 AUTO_INCREMENT=2 ;
ALTER TABLE `users`
  ADD CONSTRAINT `fk_users_laccount_status1` FOREIGN KEY (`account_status_id`) REFERENCES `account_status` (`id`) ON DELETE CASCADE ON UPDATE CASCADE;
--
-- Dumping data for table `users`
--

INSERT INTO `users` (`id`, `ip_address`, `username`, `password`, `salt`, `email`, `activation_code`, `forgotten_password_code`, `forgotten_password_time`, `remember_code`, `created_on`, `last_login`, `account_status_id`, `first_name`, `last_name`, `company`, `phone`) VALUES
(1, '\0\0', 'administrator', '59beecdf7fc966e2f17fd8f65a4a9aeb09d4a3d4', '9462e8eee0', 'admin@admin.com', '', NULL, NULL, NULL, 1268889823, 1373438882, 1, 'Admin', 'istrator', 'ADMIN', '0');
INSERT INTO `users` (`id`, `ip_address`, `username`, `password`, `salt`, `email`, `activation_code`, `forgotten_password_code`, `forgotten_password_time`, `remember_code`, `created_on`, `last_login`, `account_status_id`, `first_name`, `last_name`, `company`, `phone`) VALUES
(2, '\0\0', 'manager', '59beecdf7fc966e2f17fd8f65a4a9aeb09d4a3d4', '9462e8eee0', 'manager@manager.com', '', NULL, NULL, NULL, 1268889823, 1373438882, 1, 'Manager', 'Manager', 'Manager', '0');
INSERT INTO `users` (`id`, `ip_address`, `username`, `password`, `salt`, `email`, `activation_code`, `forgotten_password_code`, `forgotten_password_time`, `remember_code`, `created_on`, `last_login`, `account_status_id`, `first_name`, `last_name`, `company`, `phone`) VALUES
(3, '\0\0', 'salesman', '59beecdf7fc966e2f17fd8f65a4a9aeb09d4a3d4', '9462e8eee0', 'salesman@salesman.com', '', NULL, NULL, NULL, 1268889823, 1373438882, 1, 'Salesman', 'Salesman', 'Salesman', '0');
INSERT INTO `users` (`id`, `ip_address`, `username`, `password`, `salt`, `email`, `activation_code`, `forgotten_password_code`, `forgotten_password_time`, `remember_code`, `created_on`, `last_login`, `account_status_id`, `first_name`, `last_name`, `company`, `phone`) VALUES
(4, '\0\0', 'supplier', '59beecdf7fc966e2f17fd8f65a4a9aeb09d4a3d4', '9462e8eee0', 'supplier@supplier.com', '', NULL, NULL, NULL, 1268889823, 1373438882, 1, 'Supplier', 'Supplier', 'Supplier', '0');
INSERT INTO `users` (`id`, `ip_address`, `username`, `password`, `salt`, `email`, `activation_code`, `forgotten_password_code`, `forgotten_password_time`, `remember_code`, `created_on`, `last_login`, `account_status_id`, `first_name`, `last_name`, `company`, `phone`) VALUES
(5, '\0\0', 'customer', '59beecdf7fc966e2f17fd8f65a4a9aeb09d4a3d4', '9462e8eee0', 'customer@customer.com', '', NULL, NULL, NULL, 1268889823, 1373438882, 1, 'Customer', 'Customer', 'Customer', '0');

-- --------------------------------------------------------

--
-- Table structure for table `users_groups`
--

CREATE TABLE IF NOT EXISTS `users_groups` (
  `id` int(11) unsigned NOT NULL AUTO_INCREMENT,
  `user_id` int(11) unsigned NOT NULL,
  `group_id` mediumint(8) unsigned NOT NULL,
  PRIMARY KEY (`id`),
  UNIQUE KEY `uc_users_groups` (`user_id`,`group_id`),
  KEY `fk_users_groups_users1_idx` (`user_id`),
  KEY `fk_users_groups_groups1_idx` (`group_id`)
) ENGINE=InnoDB  DEFAULT CHARSET=utf8 AUTO_INCREMENT=3 ;

--
-- Dumping data for table `users_groups`
--

INSERT INTO `users_groups` (`id`, `user_id`, `group_id`) VALUES
(1, 1, 1),
(2, 1, 2),
(3, 2, 2),
(4, 3, 3),
(5, 4, 4),
(6, 5, 5);

--
-- Constraints for dumped tables
--

--
-- Constraints for table `users_groups`
--
ALTER TABLE `users_groups`
  ADD CONSTRAINT `fk_users_groups_users1` FOREIGN KEY (`user_id`) REFERENCES `users` (`id`) ON DELETE CASCADE ON UPDATE NO ACTION,
  ADD CONSTRAINT `fk_users_groups_groups1` FOREIGN KEY (`group_id`) REFERENCES `groups` (`id`) ON DELETE CASCADE ON UPDATE NO ACTION;
